{"name":"0ec7b7b3-af53-45d1-8b8d-87235a47a237","id":"/providers/Microsoft.Flow/flows/0ec7b7b3-af53-45d1-8b8d-87235a47a237","type":"Microsoft.Flow/flows","properties":{"apiId":"/providers/Microsoft.PowerApps/apis/shared_logicflows","displayName":"Devolucion Mercancias | Get Sg_usuario","definition":{"metadata":{"workflowEntityId":null,"processAdvisorMetadata":null,"flowChargedByPaygo":null,"flowclientsuspensionreason":"None","flowclientsuspensiontime":null,"flowclientsuspensionreasondetails":null,"creator":{"id":"977d3046-5573-4081-ba4e-54240d5493df","type":"User","tenantId":"bbd26395-26d1-499f-a8a1-ea5f2f916569"},"provisioningMethod":"FromDefinition","failureAlertSubscription":true,"clientLastModifiedTime":"2025-10-03T22:25:45.100582Z","connectionKeySavedTimeKey":"2025-10-03T22:25:45.100582Z","creationSource":null},"$schema":"https://schema.management.azure.com/providers/Microsoft.Logic/schemas/2016-06-01/workflowdefinition.json#","contentVersion":"1.0.0.0","parameters":{"$authentication":{"defaultValue":{},"type":"SecureObject"}},"triggers":{"manual":{"metadata":{"operationMetadataId":"fd0e3b42-3570-4835-806b-fefe8a804aeb"},"type":"Request","kind":"PowerApp","inputs":{"schema":{"type":"object","properties":{},"required":[]}}}},"actions":{"HTTP":{"runAfter":{},"metadata":{"operationMetadataId":"ca8f23d5-10b9-408c-bcf8-ab40befc451c"},"type":"Http","inputs":{"method":"POST","uri":"https://defaultbbd2639526d1499fa8a1ea5f2f9165.69.environment.api.powerplatform.com:443/powerautomate/automations/direct/workflows/778f1b9f22874242bad38317f5c30df4/triggers/manual/paths/invoke?api-version=1&sp=%2Ftriggers%2Fmanual%2Frun&sv=1.0&sig=gFVOgXSt03s4eaOUa468Zddbbwo7j1GgSMyvPoiklU8","body":{"consulta":"UsuariosStart"},"retryPolicy":{"type":"none"}},"description":"HTTP | Devolucion Merca Cons | Get Data get_usr"},"Response":{"runAfter":{"HTTP":["Succeeded"]},"metadata":{"operationMetadataId":"aa2562c2-4d6c-41d4-a304-526842007993"},"type":"Response","kind":"Http","inputs":{"statusCode":200,"body":"@body('HTTP')","schema":{"type":"array","items":{"type":"object","properties":{"USUARIO":{"type":"string"},"EMPRESA":{"type":"string"},"nombre":{"type":"string"},"cuenta_office":{"type":"string"}},"required":["USUARIO","EMPRESA","nombre","cuenta_office"]}}}}}},"connectionReferences":{},"flowFailureAlertSubscribed":false,"isManaged":false}}