{"name":"f6de69e9-a685-4444-a233-61f699c0d82f","id":"/providers/Microsoft.Flow/flows/f6de69e9-a685-4444-a233-61f699c0d82f","type":"Microsoft.Flow/flows","properties":{"apiId":"/providers/Microsoft.PowerApps/apis/shared_logicflows","displayName":"pwapps | buscar puesto rpa | rpa","definition":{"metadata":{"workflowEntityId":null,"processAdvisorMetadata":null,"flowChargedByPaygo":null,"flowclientsuspensionreason":"None","flowclientsuspensiontime":null,"flowclientsuspensionreasondetails":null,"creator":{"id":"977d3046-5573-4081-ba4e-54240d5493df","type":"User","tenantId":"bbd26395-26d1-499f-a8a1-ea5f2f916569"},"provisioningMethod":"FromDefinition","failureAlertSubscription":true,"clientLastModifiedTime":"2025-10-24T07:36:35.2237815Z","connectionKeySavedTimeKey":"2025-10-24T07:36:35.2237815Z","creationSource":null},"$schema":"https://schema.management.azure.com/providers/Microsoft.Logic/schemas/2016-06-01/workflowdefinition.json#","contentVersion":"1.0.0.0","parameters":{"$authentication":{"defaultValue":{},"type":"SecureObject"}},"triggers":{"manual":{"metadata":{"operationMetadataId":"79903476-ee83-46ad-8bc4-b8311e75f803"},"type":"Request","kind":"PowerAppV2","inputs":{"schema":{"type":"object","properties":{},"required":[]}}}},"actions":{"HTTP":{"runAfter":{},"metadata":{"operationMetadataId":"606a7762-5cb0-4569-a19c-973607a41b50"},"type":"Http","inputs":{"method":"POST","uri":"https://defaultbbd2639526d1499fa8a1ea5f2f9165.69.environment.api.powerplatform.com:443/powerautomate/automations/direct/workflows/ff832164263644b0ba7ba86fbd598bcd/triggers/manual/paths/invoke?api-version=1&sp=%2Ftriggers%2Fmanual%2Frun&sv=1.0&sig=vHE4us7CtMby3WSFnSf7CNEgroBsUkThKrQAiMgChzk","headers":{"Content-Type":"application/json"},"body":{}}},"Respond_to_a_Power_App_or_flow":{"runAfter":{"Compose":["Succeeded"]},"metadata":{"operationMetadataId":"bbcf45b6-c510-4b66-8751-cc9b9bfee341"},"type":"Response","kind":"PowerApp","inputs":{"statusCode":200,"body":{"value":"@{string(outputs('Compose'))\r\n}"},"schema":{"type":"object","properties":{"value":{"title":"Value","x-ms-dynamically-added":true,"type":"string"}}}}},"Parse_JSON":{"runAfter":{"HTTP":["Succeeded"]},"metadata":{"operationMetadataId":"99e31460-0182-4cdf-88c9-3e2a755ce418"},"type":"ParseJson","inputs":{"content":"@body('HTTP')","schema":{"type":"object","properties":{"type":{"type":"string"},"properties":{"type":"object","properties":{"ResultSets":{"type":"object","properties":{"type":{"type":"string"},"properties":{"type":"object","properties":{"Table1":{"type":"object","properties":{"type":{"type":"string"},"items":{"type":"object","properties":{"type":{"type":"string"},"properties":{"type":"object","properties":{"IdPuesto_enc":{"type":"object","properties":{"type":{"type":"string"}}},"NombrePuesto":{"type":"object","properties":{"type":{"type":"string"}}}}},"required":{"type":"array","items":{"type":"string"}}}}}}}}}},"OutputParameters":{"type":"object","properties":{"type":{"type":"string"}}}}}}}}},"Compose":{"runAfter":{"Parse_JSON":["Succeeded"]},"metadata":{"operationMetadataId":"2be3deef-2c93-4bb5-aba0-91c514a8636e"},"type":"Compose","inputs":"@body('Parse_JSON')?['ResultSets']?['Table1']\r\n"}}},"connectionReferences":{},"flowFailureAlertSubscribed":false,"isManaged":false}}