{"name":"018f0409-f7c9-4c09-af6c-8eba38506696","id":"/providers/Microsoft.Flow/flows/018f0409-f7c9-4c09-af6c-8eba38506696","type":"Microsoft.Flow/flows","properties":{"apiId":"/providers/Microsoft.PowerApps/apis/shared_logicflows","displayName":"http | buscar puesto rpa | rpa","definition":{"metadata":{"workflowEntityId":null,"processAdvisorMetadata":null,"flowChargedByPaygo":null,"flowclientsuspensionreason":"None","flowclientsuspensiontime":null,"flowclientsuspensionreasondetails":null,"creator":{"id":"977d3046-5573-4081-ba4e-54240d5493df","type":"User","tenantId":"bbd26395-26d1-499f-a8a1-ea5f2f916569"},"provisioningMethod":"FromDefinition","failureAlertSubscription":true,"clientLastModifiedTime":"2025-10-24T06:38:10.894258Z","connectionKeySavedTimeKey":"2025-10-24T06:38:10.894258Z","creationSource":null},"$schema":"https://schema.management.azure.com/providers/Microsoft.Logic/schemas/2016-06-01/workflowdefinition.json#","contentVersion":"1.0.0.0","parameters":{"$connections":{"defaultValue":{},"type":"Object"},"$authentication":{"defaultValue":{},"type":"SecureObject"}},"triggers":{"manual":{"metadata":{"operationMetadataId":"7eddbcb2-15b4-4e07-aa00-7a2fbfc0c286"},"type":"Request","kind":"Http","inputs":{"triggerAuthenticationType":"All"}}},"actions":{"Execute_a_SQL_query_(V2)":{"runAfter":{},"metadata":{"operationMetadataId":"16882844-40d8-40c7-a340-eb71b41be399"},"type":"OpenApiConnection","inputs":{"host":{"apiId":"/providers/Microsoft.PowerApps/apis/shared_sql","connectionName":"shared_sql_1","operationId":"ExecutePassThroughNativeQuery_V2"},"parameters":{"server":"default","database":"default","query/query":"SELECT IdPuesto_enc, NombrePuesto\nFROM PuestoTrabajo_enc\nWHERE Vigencia = 'S'\nORDER BY NombrePuesto;"},"authentication":"@parameters('$authentication')"}},"Response":{"runAfter":{"Execute_a_SQL_query_(V2)":["Succeeded"]},"metadata":{"operationMetadataId":"442d467e-cdf7-4940-8d9a-f66d082bc32b"},"type":"Response","kind":"Http","inputs":{"statusCode":200,"headers":{"Content-Type":" application/json"},"body":"@body('Execute_a_SQL_query_(V2)')"}}}},"connectionReferences":{"shared_sql_1":{"connectionName":"shared-sql-d2222523-9c8c-4b3b-9698-8f17039422f7","source":"Embedded","id":"/providers/Microsoft.PowerApps/apis/shared_sql","tier":"NotSpecified","apiName":"sql","isProcessSimpleApiReferenceConversionAlreadyDone":false}},"flowFailureAlertSubscribed":false,"isManaged":false}}