{"schemaVersion":"1.0","appDefinitionTemplate":{"id":"/providers/Microsoft.PowerApps/apps/","type":"Microsoft.PowerApps/apps","tags":{"primaryDeviceWidth":"1366","primaryDeviceHeight":"768","supportsPortrait":"true","supportsLandscape":"true","primaryFormFactor":"Tablet","showStatusBar":"false","publisherVersion":"3.25101.19","minimumRequiredApiVersion":"2.2.0","hasComponent":"false","hasUnlockedComponent":"false","isUnifiedRootApp":"false","sienaVersion":"20251104T055204Z-3.25101.19.0"},"properties":{"appVersion":"2025-11-04T05:52:04Z","lifeCycleId":"Published","createdByClientVersion":{"major":3,"minor":25101,"build":19,"revision":0,"majorRevision":0,"minorRevision":0},"minClientVersion":{"major":3,"minor":25101,"build":19,"revision":0,"majorRevision":0,"minorRevision":0},"backgroundColor":"RGBA(0,176,240,1)","backgroundImageUri":"/15339399681418603282/N623e5e89-df5b-4a0a-8b3b-35098c13f0bf-logoSmallFile","displayName":"RPA - RRHH","description":"","commitMessage":"","appUris":{"documentUri":{"value":"/15339399681418603282/N6e64c216-3404-476f-9267-457269d5cc14-document.msapp"},"imageUris":[],"additionalUris":[{"isSolutionAware":false,"value":"/15339399681418603282/N3b6fa505-30bc-4c56-b5aa-05a25e65bbc4-identity.json"}]},"createdTime":"0001-01-01T00:00:00Z","lastModifiedTime":"0001-01-01T00:00:00Z","sharedGroupsCount":0,"sharedUsersCount":0,"connectionReferences":{"610c4d31-b844-4138-950b-fbc7b532f73d":{"id":"064c5ddf-9624-472f-86a1-e704eff10b77","displayName":"Logic flows","iconUri":"https://conn-afd-prod-endpoint-bmc9bqahasf3grgk.b01.azurefd.net/v1.0.1774/1.0.1774.4397/logicflows/icon.png","dataSources":["pwapps|buscarpuestorpa|rpa"],"dependencies":[],"dependents":[],"parameterHints":{"workflowName":{"value":"ec609ff7-befa-4499-8daf-9b0fbf734ac5"},"workflowEntityId":{},"workflowDisplayName":{"value":"pwapps | buscar puesto rpa | rpa"}},"parameterHintsV2":{"workflowName":{"value":"ec609ff7-befa-4499-8daf-9b0fbf734ac5"},"workflowEntityId":{},"workflowDisplayName":{"value":"pwapps | buscar puesto rpa | rpa"}},"isOnPremiseConnection":false,"bypassConsent":false,"dataSets":{},"apiTier":"Standard","isCustomApiConnection":false,"actions":["Run"]},"0b5390f1-b153-430f-9c77-9979a8a4057f":{"id":"064c5ddf-9624-472f-86a1-e704eff10b77","displayName":"Logic flows","iconUri":"https://conn-afd-prod-endpoint-bmc9bqahasf3grgk.b01.azurefd.net/v1.0.1774/1.0.1774.4397/logicflows/icon.png","dataSources":["pwapps|rpacrudpuestos|rpacrudpuesto"],"dependencies":[],"dependents":[],"parameterHints":{"workflowName":{"value":"808766a4-c32a-4cdb-8759-f88f56de956c"},"workflowEntityId":{},"workflowDisplayName":{"value":"pwapps | rpa crud puestos | rpa crud puesto"}},"parameterHintsV2":{"workflowName":{"value":"808766a4-c32a-4cdb-8759-f88f56de956c"},"workflowEntityId":{},"workflowDisplayName":{"value":"pwapps | rpa crud puestos | rpa crud puesto"}},"isOnPremiseConnection":false,"bypassConsent":false,"dataSets":{},"apiTier":"Standard","isCustomApiConnection":false,"actions":["Run"]},"ad904b93-1a87-49e4-84d3-f651791a9633":{"id":"064c5ddf-9624-472f-86a1-e704eff10b77","displayName":"Logic flows","iconUri":"https://conn-afd-prod-endpoint-bmc9bqahasf3grgk.b01.azurefd.net/v1.0.1774/1.0.1774.4397/logicflows/icon.png","dataSources":["DevolucionMercancias|GetSg_usuario"],"dependencies":[],"dependents":[],"parameterHints":{"workflowName":{"value":"df5c0c9b-e1e9-4af0-85e0-5ed3d75bbda3"},"workflowEntityId":{},"workflowDisplayName":{"value":"Devolucion Mercancias | Get Sg_usuario"}},"parameterHintsV2":{"workflowName":{"value":"df5c0c9b-e1e9-4af0-85e0-5ed3d75bbda3"},"workflowEntityId":{},"workflowDisplayName":{"value":"Devolucion Mercancias | Get Sg_usuario"}},"isOnPremiseConnection":false,"bypassConsent":false,"dataSets":{},"apiTier":"Standard","isCustomApiConnection":false,"actions":["Run"]}},"databaseReferences":{},"almMode":"Environment","performanceOptimizationEnabled":true,"canConsumeAppPass":true,"enableModernRuntimeMode":false,"executionRestrictions":{"isTeamsOnly":false,"dataLossPreventionEvaluationResult":{"status":"Compliant","lastEvaluationDate":"2025-10-24T10:33:58.3602355Z","violations":[],"violationsByPolicy":[],"violationErrorMessage":"The app uses the following connectors: shared_logicflows."},"httpActionRestriction":{"appUsesSharepointHttpAction":false,"enforcementStrategy":"Legacy","evaluationTime":"2025-10-24T10:33:58.3601116Z"}}},"isAppComponentLibrary":false,"appType":"ClassicCanvasApp","appComponents":[]}}