{"name":"93153c70-cf7b-4b9c-a325-d835275d3c50","id":"/providers/Microsoft.Flow/flows/93153c70-cf7b-4b9c-a325-d835275d3c50","type":"Microsoft.Flow/flows","properties":{"apiId":"/providers/Microsoft.PowerApps/apis/shared_logicflows","displayName":"http | rpa actualizar puestos | rpa actualizar puesto","definition":{"metadata":{"workflowEntityId":null,"processAdvisorMetadata":null,"flowChargedByPaygo":null,"flowclientsuspensionreason":"None","flowclientsuspensiontime":null,"flowclientsuspensionreasondetails":null,"creator":{"id":"977d3046-5573-4081-ba4e-54240d5493df","type":"User","tenantId":"bbd26395-26d1-499f-a8a1-ea5f2f916569"},"provisioningMethod":"FromDefinition","failureAlertSubscription":true,"clientLastModifiedTime":"2025-11-03T01:36:23.3067187Z","connectionKeySavedTimeKey":"2025-11-03T01:36:23.3067187Z","creationSource":null},"$schema":"https://schema.management.azure.com/providers/Microsoft.Logic/schemas/2016-06-01/workflowdefinition.json#","contentVersion":"1.0.0.0","parameters":{"$connections":{"defaultValue":{},"type":"Object"},"$authentication":{"defaultValue":{},"type":"SecureObject"}},"triggers":{"manual":{"metadata":{"operationMetadataId":"e5a54846-dd9b-48c8-8a44-6625f0d66bdd"},"type":"Request","kind":"Http","inputs":{"triggerAuthenticationType":"All"}}},"actions":{"Response":{"runAfter":{"Execute_stored_procedure_(V2)":["Succeeded"]},"metadata":{"operationMetadataId":"5626d6d2-5cb4-4917-8fba-ecc666cc4a2b"},"type":"Response","kind":"Http","inputs":{"statusCode":200,"body":{"estado":"OK","mensaje":"Puesto y requisitos insertados correctamente"}}},"Compose":{"runAfter":{},"metadata":{"operationMetadataId":"fe02024a-01ee-4dee-a58f-4e0895dad35f"},"type":"Compose","inputs":"@triggerBody()"},"Parse_JSON":{"runAfter":{"Compose":["Succeeded"]},"metadata":{"operationMetadataId":"e3231576-850f-49b1-a252-1efd41395e31"},"type":"ParseJson","inputs":{"content":"@triggerBody()","schema":{"type":"object","properties":{"Departamento":{"type":"string"},"Descripcion":{"type":"string"},"NombrePuesto":{"type":"string"},"Requisitos":{"type":"string"},"SalarioMax":{"type":"integer"},"SalarioMin":{"type":"integer"},"Vigencia":{"type":"string"}}}}},"Execute_stored_procedure_(V2)":{"runAfter":{"Parse_JSON":["Succeeded"]},"metadata":{"operationMetadataId":"6233293f-35c8-4171-a0d1-4d2cb34da2b4"},"type":"OpenApiConnection","inputs":{"host":{"apiId":"/providers/Microsoft.PowerApps/apis/shared_sql","connectionName":"shared_sql_1","operationId":"ExecuteProcedure_V2"},"parameters":{"server":"default","database":"default","procedure":"[dbo].[sp_Actualizar_Puesto_RPA_RRHH]","parameters/jsonActualizar":"@body('Parse_JSON')?['jsonActualizar']"},"authentication":"@parameters('$authentication')"}}}},"connectionReferences":{"shared_sql_1":{"connectionName":"shared-sql-d2222523-9c8c-4b3b-9698-8f17039422f7","source":"Embedded","id":"/providers/Microsoft.PowerApps/apis/shared_sql","tier":"NotSpecified","apiName":"sql","isProcessSimpleApiReferenceConversionAlreadyDone":false}},"flowFailureAlertSubscribed":false,"isManaged":false}}