{"name":"94c9a88d-47e9-46ab-8f9f-cb53bd981da7","id":"/providers/Microsoft.Flow/flows/94c9a88d-47e9-46ab-8f9f-cb53bd981da7","type":"Microsoft.Flow/flows","properties":{"apiId":"/providers/Microsoft.PowerApps/apis/shared_logicflows","displayName":"pwapps | rpa crud puestos | rpa crud puesto","definition":{"metadata":{"workflowEntityId":null,"processAdvisorMetadata":null,"flowChargedByPaygo":null,"flowclientsuspensionreason":"None","flowclientsuspensiontime":null,"flowclientsuspensionreasondetails":null,"creator":{"id":"977d3046-5573-4081-ba4e-54240d5493df","type":"User","tenantId":"bbd26395-26d1-499f-a8a1-ea5f2f916569"},"provisioningMethod":"FromDefinition","failureAlertSubscription":true,"clientLastModifiedTime":"2025-11-03T01:19:17.4393286Z","connectionKeySavedTimeKey":"2025-11-03T01:19:17.4393286Z","creationSource":null},"$schema":"https://schema.management.azure.com/providers/Microsoft.Logic/schemas/2016-06-01/workflowdefinition.json#","contentVersion":"1.0.0.0","parameters":{"$authentication":{"defaultValue":{},"type":"SecureObject"}},"triggers":{"manual":{"metadata":{"operationMetadataId":"9f9c9e69-78e5-4279-95f3-45e88df16ea2"},"type":"Request","kind":"PowerAppV2","inputs":{"schema":{"type":"object","properties":{"text":{"title":"modo","type":"string","x-ms-dynamically-added":true,"description":"crud","x-ms-content-hint":"TEXT"},"text_1":{"title":"idPuesto","type":"string","x-ms-dynamically-added":true,"description":"id puesto","x-ms-content-hint":"TEXT"},"text_2":{"title":"json","type":"string","x-ms-dynamically-added":true,"description":"json","x-ms-content-hint":"TEXT"}},"required":["text","text_1","text_2"]}}}},"actions":{"Switch":{"runAfter":{"iniciarlizar_variables_idPuesto_Enc":["Succeeded"]},"cases":{"Case":{"case":"buscar","actions":{"HTTP":{"runAfter":{},"metadata":{"operationMetadataId":"92b316c0-7c97-48d9-a538-62c2e5cdf576"},"type":"Http","inputs":{"method":"POST","uri":"https://defaultbbd2639526d1499fa8a1ea5f2f9165.69.environment.api.powerplatform.com:443/powerautomate/automations/direct/workflows/38ab363340234d909c25a4c9e3ab8a19/triggers/manual/paths/invoke?api-version=1&sp=%2Ftriggers%2Fmanual%2Frun&sv=1.0&sig=adC6PHmIv5erepgHiii7wdghHoVsKGpqQYF1MZjptKc","body":{"idPuesto":"@{triggerBody()['text_1']}"}}},"Respond_to_a_Power_App_or_flow":{"runAfter":{"Compose_2":["Succeeded"]},"metadata":{"operationMetadataId":"bc3f9df7-7374-4d6f-a0a8-65b7118d2549"},"type":"Response","kind":"PowerApp","inputs":{"statusCode":200,"body":{"jsrespuesta":"@{outputs('Compose_2')}"},"schema":{"type":"object","properties":{"jsrespuesta":{"title":"jsRespuesta","x-ms-dynamically-added":true,"type":"string"}}}}},"Parse_JSON":{"runAfter":{"HTTP":["Succeeded"]},"metadata":{"operationMetadataId":"a5b39515-10d2-44a3-8831-4d08b4d1aaad"},"type":"ParseJson","inputs":{"content":"@body('HTTP')","schema":{"type":"object","properties":{"Table1":{"type":"array","items":{"type":"object","properties":{"IdPuesto_enc":{"type":"integer"},"NombrePuesto":{"type":"string"},"Departamento":{"type":"string"},"SalarioMin":{"type":"integer"},"SalarioMax":{"type":"integer"},"Descripcion":{"type":"string"},"vigencia":{"type":"string"},"Requisito":{"type":"string"}},"required":["IdPuesto_enc","NombrePuesto","Departamento","SalarioMin","SalarioMax","Descripcion","vigencia","Requisito"]}}}}}},"Compose_2":{"runAfter":{"Parse_JSON":["Succeeded"]},"metadata":{"operationMetadataId":"ecf6f342-c7c6-4c95-aef7-65ce5b96f87a"},"type":"Compose","inputs":"@body('Parse_JSON')?['Table1']"}}},"Case_2":{"case":"insertar","actions":{"HTTP_3":{"runAfter":{},"metadata":{"operationMetadataId":"d792f868-8e95-44a8-8dcc-8b5f295c414b"},"type":"Http","inputs":{"method":"POST","uri":"https://defaultbbd2639526d1499fa8a1ea5f2f9165.69.environment.api.powerplatform.com:443/powerautomate/automations/direct/workflows/6bea4dfc32494339a7ea29d69bc15dc7/triggers/manual/paths/invoke?api-version=1&sp=%2Ftriggers%2Fmanual%2Frun&sv=1.0&sig=yXCSvwnCVuFiYlls4Iz8xf_k8KItNpa0M-40NWuEAos","body":{"jsonInsert":"@{triggerBody()['text_2']}"}}},"Parse_JSON_2":{"runAfter":{"HTTP_3":["Succeeded"]},"metadata":{"operationMetadataId":"34f784a7-79ba-4e0b-bbaa-63f791c31cad"},"type":"ParseJson","inputs":{"content":"@body('HTTP_3')","schema":{"type":"object","properties":{"type":{"type":"string"},"properties":{"type":"object","properties":{"NombrePuesto":{"type":"object","properties":{"type":{"type":"string"}}},"Departamento":{"type":"object","properties":{"type":{"type":"string"}}},"SalarioMin":{"type":"object","properties":{"type":{"type":"string"}}},"SalarioMax":{"type":"object","properties":{"type":{"type":"string"}}},"Descripcion":{"type":"object","properties":{"type":{"type":"string"}}},"Vigencia":{"type":"object","properties":{"type":{"type":"string"}}},"Requisitos":{"type":"object","properties":{"type":{"type":"string"}}},"IdPuesto_enc":{"type":"object","properties":{"type":{"type":"array","items":{"type":"string"}}}}}}}}}},"Compose":{"runAfter":{"Parse_JSON_2":["Succeeded"]},"metadata":{"operationMetadataId":"5e844d64-b25f-4b92-b5a9-01e42d4f8aaf"},"type":"Compose","inputs":"@body('Parse_JSON_2')?['Table1']"}}},"Case_3":{"case":"actualizar","actions":{"idPuesto_Enc":{"runAfter":{},"metadata":{"operationMetadataId":"d427ff25-b6d0-46ce-820c-03f18f17537c"},"type":"SetVariable","inputs":{"name":"idPuesto_Enc","value":"@triggerBody()['text_1']"}},"HTTP_4":{"runAfter":{"Compose_3":["Succeeded"]},"metadata":{"operationMetadataId":"bffc4b21-be11-4ba0-b315-a0d8ea21eb8f"},"type":"Http","inputs":{"method":"POST","uri":"https://defaultbbd2639526d1499fa8a1ea5f2f9165.69.environment.api.powerplatform.com:443/powerautomate/automations/direct/workflows/8cadfca37fe84040bbefb783d14d6ebe/triggers/manual/paths/invoke?api-version=1&sp=%2Ftriggers%2Fmanual%2Frun&sv=1.0&sig=HZoTydGGsI4awPQFlOcZidTExNrMj1cJajhC9PAZQX4","body":{"jsonActualizar":"@{outputs('Compose_3')}"}}},"Compose_3":{"runAfter":{"idPuesto_Enc":["Succeeded"]},"metadata":{"operationMetadataId":"8b3a945f-2e13-4bb4-86cc-42ed17ad6c79"},"type":"Compose","inputs":"@json(\n    concat(\n        '{',\n            '\"IdPuesto_enc\": ', string(variables('idPuesto_Enc')), ',',\n            substring(triggerBody()?['text_2'], 1, sub(length(triggerBody()?['text_2']), 1))\n    )\n)\n"}}}},"default":{"actions":{"HTTP_2":{"runAfter":{},"metadata":{"operationMetadataId":"d573fe8a-65a7-4b7e-8c1e-ce2e2dedcca7"},"type":"Http","inputs":{"method":"POST","uri":"https://defaultbbd2639526d1499fa8a1ea5f2f9165.69.environment.api.powerplatform.com:443/powerautomate/automations/direct/workflows/38ab363340234d909c25a4c9e3ab8a19/triggers/manual/paths/invoke?api-version=1&sp=%2Ftriggers%2Fmanual%2Frun&sv=1.0&sig=adC6PHmIv5erepgHiii7wdghHoVsKGpqQYF1MZjptKc"}}}},"expression":"@triggerBody()['text']","metadata":{"operationMetadataId":"545c4f7c-1f92-4313-bb24-768cfc1728de"},"type":"Switch"},"iniciarlizar_variables_idPuesto_Enc":{"runAfter":{},"metadata":{"operationMetadataId":"551d5704-8cad-42eb-b3a5-9b4887e34269"},"type":"InitializeVariable","inputs":{"variables":[{"name":"idPuesto_Enc","type":"string"}]}}}},"connectionReferences":{},"flowFailureAlertSubscribed":false,"isManaged":false}}