{"name":"ff931869-84f1-414d-808c-0e83ab8a3c93","id":"/providers/Microsoft.Flow/flows/ff931869-84f1-414d-808c-0e83ab8a3c93","type":"Microsoft.Flow/flows","properties":{"apiId":"/providers/Microsoft.PowerApps/apis/shared_logicflows","displayName":"RPA-Envio-PDF-a-Repositorio","definition":{"metadata":{"workflowEntityId":null,"processAdvisorMetadata":null,"flowChargedByPaygo":null,"flowclientsuspensionreason":"None","flowclientsuspensiontime":null,"flowclientsuspensionreasondetails":null,"creator":{"id":"977d3046-5573-4081-ba4e-54240d5493df","type":"User","tenantId":"bbd26395-26d1-499f-a8a1-ea5f2f916569"},"provisioningMethod":"FromDefinition","failureAlertSubscription":true,"clientLastModifiedTime":"2025-10-17T06:43:01.7857338Z","connectionKeySavedTimeKey":"2025-10-17T06:43:01.7857338Z","creationSource":null,"modifiedSources":"Portal"},"$schema":"https://schema.management.azure.com/providers/Microsoft.Logic/schemas/2016-06-01/workflowdefinition.json#","contentVersion":"1.0.0.0","parameters":{"$connections":{"defaultValue":{},"type":"Object"},"$authentication":{"defaultValue":{},"type":"SecureObject"}},"triggers":{"Cuando_llega_un_nuevo_correo_electrónico_(V3)":{"splitOn":"@triggerOutputs()?['body/value']","metadata":{"operationMetadataId":"e544f7d5-c6ac-4b9f-adfc-93a1bec8314a"},"type":"OpenApiConnectionNotification","inputs":{"host":{"apiId":"/providers/Microsoft.PowerApps/apis/shared_office365","connectionName":"shared_office365","operationId":"OnNewEmailV3"},"parameters":{"folderPath":"Inbox","includeAttachments":true,"subjectFilter":"solicitud empleo","importance":"Any","fetchOnlyWithAttachment":false},"authentication":"@parameters('$authentication')"}}},"actions":{"Terminate":{"runAfter":{"Condition":["Succeeded"]},"metadata":{"operationMetadataId":"651d3ba7-ee56-47a9-bf50-6407da56f1ff"},"type":"Terminate","inputs":{"runStatus":"Succeeded"}},"Condition":{"actions":{"Aplicar_a_cada_uno":{"foreach":"@triggerOutputs()?['body/attachments']","actions":{"Set_variable_content-type":{"runAfter":{},"metadata":{"operationMetadataId":"086683d4-2adf-4ccc-82db-cd1d7c4ec41a"},"type":"SetVariable","inputs":{"name":"content-type","value":"@items('Aplicar_a_cada_uno')?['contentType']"}},"Set_variable":{"runAfter":{"Set_variable_content-type":["Succeeded"]},"metadata":{"operationMetadataId":"b6ecf19b-9bdd-437a-b9ea-d91f5fbdaea8"},"type":"SetVariable","inputs":{"name":"CORREO","value":"@items('Aplicar_a_cada_uno')?['name']"}},"Validar_si_el_archivo_es_PDF":{"actions":{"comp_AsuntoNormalizado":{"runAfter":{},"metadata":{"operationMetadataId":"b6b4006a-046e-434f-8024-1f97f35bf3a8"},"type":"Compose","inputs":"@toLower(trim(triggerOutputs()?['body/subject']))\r\n"},"comp_Puesto":{"runAfter":{"comp_AsuntoNormalizado":["Succeeded"]},"metadata":{"operationMetadataId":"f11eba2b-f7bd-463a-ae2c-09fc00c08500"},"type":"Compose","inputs":"@trim(\r\n    first(\r\n        split(\r\n            trim(\r\n                last(\r\n                    split(\r\n                        toLower(replace(outputs('comp_AsuntoNormalizado'),'pretensión','pretension')),\r\n                        'solicitud empleo:'\r\n                    )\r\n                )\r\n            ),\r\n            ','\r\n        )\r\n    )\r\n)\r\n"},"comp_salario":{"runAfter":{"comp_Puesto":["Succeeded"]},"metadata":{"operationMetadataId":"0f3a2f1b-3137-4bac-8cb9-763901875dce"},"type":"Compose","inputs":"@trim(\r\n    replace(\r\n        replace(\r\n            replace(\r\n                last(\r\n                    split(\r\n                        toLower(replace(outputs('comp_AsuntoNormalizado'),'pretensión','pretension')),\r\n                        'pretension'\r\n                    )\r\n                ),\r\n                'q','Q'\r\n            ),\r\n            ',',''\r\n        ),\r\n        ':',''\r\n    )\r\n)\r\n"},"Create_file":{"runAfter":{"comp_salario":["Succeeded"]},"metadata":{"operationMetadataId":"df84ff01-a2f5-4387-8990-cd28776e7637"},"type":"OpenApiConnection","inputs":{"host":{"apiId":"/providers/Microsoft.PowerApps/apis/shared_filesystem","connectionName":"shared_filesystem_1","operationId":"CreateFile"},"parameters":{"folderPath":"/","name":"@{concat(\n  \n  replace(replace(items('Aplicar_a_cada_uno')?['name'],' ','_'),',',''),\n  '-',\n  concat(\n    toUpper(substring(outputs('comp_Puesto'),0,1)),\n    toLower(substring(outputs('comp_Puesto'),1))\n  ),\n  '-',\n  if(empty(outputs('comp_Salario')),'SinSalario',outputs('comp_Salario')),\n  '.pdf'\n)}\r","body":"@items('Aplicar_a_cada_uno')?['contentBytes']"},"authentication":"@parameters('$authentication')"}},"Send_an_email_(V2)":{"runAfter":{"Create_file":["Succeeded"]},"metadata":{"operationMetadataId":"cabb1a28-8ab8-4ecf-be65-55979496fb51"},"type":"OpenApiConnection","inputs":{"host":{"apiId":"/providers/Microsoft.PowerApps/apis/shared_office365","connectionName":"shared_office365_1","operationId":"SendEmailV2"},"parameters":{"emailMessage/To":"@if(\r\n  empty(triggerOutputs()?['body/from/emailAddress/address']),\r\n  triggerOutputs()?['body/from'],\r\n  triggerOutputs()?['body/from/emailAddress/address']\r\n)\r\n","emailMessage/Subject":"Curriculum Vitae Recibido","emailMessage/Body":"<!DOCTYPE html>\n<html lang=\"es\">\n<head>\n<meta charset=\"UTF-8\">\n<title>Confirmación de recepción - Corporación Umbral S.A.</title>\n</head>\n<body style=\"font-family: 'Segoe UI', Arial, sans-serif; background-color:#f5f8fa; padding:0; margin:0;\">\n  <table align=\"center\" width=\"600\" cellpadding=\"0\" cellspacing=\"0\" style=\"background:#ffffff; border-radius:10px; box-shadow:0 0 8px rgba(0,0,0,0.1); margin-top:30px;\">\n    <tr>\n      <td style=\"background-color:#003366; padding:20px; border-top-left-radius:10px; border-top-right-radius:10px; text-align:center;\">\n        <h2 style=\"color:#ffffff; margin:0;\">Corporación Umbral S.A.</h2>\n        <p style=\"color:#cde3ff; margin:0;\">Departamento de Reclutamiento</p>\n      </td>\n    </tr>\n    <tr>\n      <td style=\"padding:30px; text-align:center;\">\n        <img src=\"https://cdn-icons-png.flaticon.com/512/845/845646.png\" width=\"80\" alt=\"Check\" style=\"margin-bottom:15px;\">\n        <h2 style=\"color:#2e7d32;\">¡Tu solicitud fue recibida correctamente!</h2>\n        <p style=\"font-size:16px; color:#333333; line-height:1.5;\">\n          Estimado(a),\n          <br><br>\n          Hemos recibido su correo con el asunto <strong>\"@{triggerOutputs()?['body/subject']}\"</strong> y se ha detectado correctamente su archivo adjunto.\n          <br><br>\n          Su currículum ha sido enviado a nuestro sistema de reclutamiento automatizado (<strong>RPA</strong>) para su evaluación.  \n          Pronto nuestro equipo de recursos humanos se pondrá en contacto con usted si su perfil coincide con nuestras vacantes disponibles.\n        </p>\n        <p style=\"font-size:15px; color:#555;\">\n          📅 Fecha y hora de recepción: <strong>@{body('Convertir_la_zona_horaria')}</strong>\n        </p>\n      </td>\n    </tr>\n    <tr>\n      <td style=\"background-color:#f0f4f8; padding:20px; border-bottom-left-radius:10px; border-bottom-right-radius:10px; text-align:center;\">\n        <p style=\"margin:0; font-size:13px; color:#777;\">\n          © @{formatDateTime(utcNow(),'yyyy')} Corporación Umbral S.A.<br>\n          Todos los derechos reservados.\n        </p>\n      </td>\n    </tr>\n  </table>\n</body>\n</html>\n","emailMessage/Importance":"Normal"},"authentication":"@parameters('$authentication')"}}},"runAfter":{"Compose-contienePDF":["Succeeded"]},"else":{"actions":{"Compose-Archivo-No-Es-PDF":{"runAfter":{},"metadata":{"operationMetadataId":"5c3c7759-0302-48ba-906f-8e017df9b1e6"},"type":"Compose","inputs":"El archivo adjunto no es un pdf"}}},"expression":{"equals":["@outputs('Compose-contienePDF')",true]},"metadata":{"operationMetadataId":"2faba9e0-e9c9-4052-a925-e4d30d2523ce"},"type":"If"},"Compose-contienePDF":{"runAfter":{"Set_variable":["Succeeded"]},"metadata":{"operationMetadataId":"bb8eb73e-9198-4a4c-ab38-8391b2286fb0"},"type":"Compose","inputs":"@equals(variables('content-type'), 'application/pdf')"}},"runAfter":{},"metadata":{"operationMetadataId":"a82905a8-3173-46ff-af00-b47b8673a049"},"type":"Foreach"}},"runAfter":{"Convertir_la_zona_horaria":["Succeeded"]},"else":{"actions":{"Send_an_email_(V2)_2":{"runAfter":{},"metadata":{"operationMetadataId":"f5606bf4-a879-4329-ad07-d66d3c18bfcd"},"type":"OpenApiConnection","inputs":{"host":{"apiId":"/providers/Microsoft.PowerApps/apis/shared_office365","connectionName":"shared_office365_1","operationId":"SendEmailV2"},"parameters":{"emailMessage/To":"@if(\r\n  empty(triggerOutputs()?['body/from/emailAddress/address']),\r\n  triggerOutputs()?['body/from'],\r\n  triggerOutputs()?['body/from/emailAddress/address']\r\n)\r\n","emailMessage/Subject":"Problema de recepción de Curriculum Vitae","emailMessage/Body":"<p>Estimado(a),</p>\n<p>Hemos recibido su correo con el asunto <strong>\"@{triggerOutputs()?['body/subject']}\"</strong>, pero no se detectó ningún archivo adjunto.</p>\n<p>Por favor, reenvíe su solicitud incluyendo su <strong>currículum en formato PDF</strong> para poder procesarla correctamente.</p>\n<p>Atentamente,<br>Equipo de Reclutamiento<br>Corporación Umbral S.A.</p>\n","emailMessage/Importance":"Normal"},"authentication":"@parameters('$authentication')"}}}},"expression":{"greater":["@length(triggerOutputs()?['body/Attachments'])\r\n",0]},"metadata":{"operationMetadataId":"d1781c30-455b-47b3-a300-ddae55add79f"},"type":"If"},"Inicializar_variable_FechaHora":{"runAfter":{},"metadata":{"operationMetadataId":"b0b833a8-3e72-4af3-9e88-fa01eafb93bb"},"type":"InitializeVariable","inputs":{"variables":[{"name":"Fecha_Hora","type":"string"}]}},"Initialize_variable_Content-type":{"runAfter":{"Inicializar_variable_FechaHora":["Succeeded"]},"metadata":{"operationMetadataId":"20b01a3f-91b0-4507-82ec-a77096e91aa2"},"type":"InitializeVariable","inputs":{"variables":[{"name":"content-type","type":"string"}]}},"Initialize_variable":{"runAfter":{"Initialize_variable_Content-type":["Succeeded"]},"metadata":{"operationMetadataId":"80769579-0eae-4821-ae24-5402ffa5b40c"},"type":"InitializeVariable","inputs":{"variables":[{"name":"CORREO","type":"string"}]}},"Convertir_la_zona_horaria":{"runAfter":{"Initialize_variable":["Succeeded"]},"metadata":{"operationMetadataId":"cdf6de3c-88fa-475d-a000-9d14c5bf0152"},"type":"Expression","kind":"ConvertTimeZone","inputs":{"baseTime":"@{addHours(utcNow(), 0)}","formatString":"s","sourceTimeZone":"Pacific Standard Time","destinationTimeZone":"Central America Standard Time"}}}},"connectionReferences":{"shared_filesystem_1":{"connectionName":"4a62928d8a754639b3631b4ef836180b","source":"Embedded","id":"/providers/Microsoft.PowerApps/apis/shared_filesystem","tier":"NotSpecified","apiName":"filesystem","isProcessSimpleApiReferenceConversionAlreadyDone":false},"shared_office365_1":{"connectionName":"shared-office365-9d9b2414-e6f1-4741-b0f2-324fe00be03c","source":"Embedded","id":"/providers/Microsoft.PowerApps/apis/shared_office365","tier":"NotSpecified","apiName":"office365","isProcessSimpleApiReferenceConversionAlreadyDone":false},"shared_office365":{"connectionName":"shared-office365-2f1da48e-2c5b-4e7d-ae23-8044-e5ca3c4b","source":"Embedded","id":"/providers/Microsoft.PowerApps/apis/shared_office365","tier":"NotSpecified","apiName":"office365","isProcessSimpleApiReferenceConversionAlreadyDone":false}},"flowFailureAlertSubscribed":false,"isManaged":false}}